project_id|sector|ward|project_name|approval_status|reason_not_approved|year|source_document|source_url
CDF2025-001|Education|Kasamba|Construction of a 1X4 CRB at Kasamba Secondary School with laborotory;purch ase of 200 desks,one staff house and solar powered borehole|Not Approved|Inadequate Funding|2025|Mpongwe 2025 Approved and Unapproved CDF Community Projects|http://www.mpongwecouncil.gov.zm/wp-content/uploads/2025/11/APPROVED-AND-UNAPPROVED-COMMUNITY-PROJECTS-2025.pdf
CDF2025-002|Health|Kasamba|Construction of 1 staff house and completion of 1 staff house at Kasamba Rural Health Center|Not Approved|Not the first priority|2025|Mpongwe 2025 Approved and Unapproved CDF Community Projects|http://www.mpongwecouncil.gov.zm/wp-content/uploads/2025/11/APPROVED-AND-UNAPPROVED-COMMUNITY-PROJECTS-2025.pdf
CDF2025-003|Education|Kasamba|Construction of 1 staff house; purchase of 80 desks and solar powered borehole at Mikumbi primary School|Not Approved|Not the first priority|2025|Mpongwe 2025 Approved and Unapproved CDF Community Projects|http://www.mpongwecouncil.gov.zm/wp-content/uploads/2025/11/APPROVED-AND-UNAPPROVED-COMMUNITY-PROJECTS-2025.pdf
CDF2025-004|Education|Kasamba|Construction of a Community School at Fikola area.|Not Approved|Not the first priority|2025|Mpongwe 2025 Approved and Unapproved CDF Community Projects|http://www.mpongwecouncil.gov.zm/wp-content/uploads/2025/11/APPROVED-AND-UNAPPROVED-COMMUNITY-PROJECTS-2025.pdf
CDF2025-005|Education|Kasamba|Construction of 1 staff house and purchase of 80 desks at Minkoyo Primary School|Not Approved|Not the first priority|2025|Mpongwe 2025 Approved and Unapproved CDF Community Projects|http://www.mpongwecouncil.gov.zm/wp-content/uploads/2025/11/APPROVED-AND-UNAPPROVED-COMMUNITY-PROJECTS-2025.pdf
CDF2025-006|Health|Kasamba|Construction of a health post at Bwandaila in Milonfi|Not Approved|Not the first priority|2025|Mpongwe 2025 Approved and Unapproved CDF Community Projects|http://www.mpongwecouncil.gov.zm/wp-content/uploads/2025/11/APPROVED-AND-UNAPPROVED-COMMUNITY-PROJECTS-2025.pdf
CDF2025-007|Education/Health|Kasamba|Construction of 1x3 CRB; cnstruction of health post and purchase of solar powered borehole in Milonfi|Not Approved|Not the first priority|2025|Mpongwe 2025 Approved and Unapproved CDF Community Projects|http://www.mpongwecouncil.gov.zm/wp-content/uploads/2025/11/APPROVED-AND-UNAPPROVED-COMMUNITY-PROJECTS-2025.pdf
CDF2025-008|Health|Kasamba|Construction of staff house, ablution block, water reticulation system and medical tools at Mikumbi health post|Approved||2025|Mpongwe 2025 Approved and Unapproved CDF Community Projects|http://www.mpongwecouncil.gov.zm/wp-content/uploads/2025/11/APPROVED-AND-UNAPPROVED-COMMUNITY-PROJECTS-2025.pdf
CDF2025-009|Education|Kanyenda|Construction of 1x3 CRB at Michinka Community School|Not Approved|Not the first priority|2025|Mpongwe 2025 Approved and Unapproved CDF Community Projects|http://www.mpongwecouncil.gov.zm/wp-content/uploads/2025/11/APPROVED-AND-UNAPPROVED-COMMUNITY-PROJECTS-2025.pdf
CDF2025-010|Education|Kanyenda|Completion of 1x3 CRB and 1 staff house at Buyantanshi School|Approved||2025|Mpongwe 2025 Approved and Unapproved CDF Community Projects|http://www.mpongwecouncil.gov.zm/wp-content/uploads/2025/11/APPROVED-AND-UNAPPROVED-COMMUNITY-PROJECTS-2025.pdf
CDF2025-011|Education|Kanyenda|Construction of 1 staff house at Nkulumashiba School|Not Approved|Not the first priority|2025|Mpongwe 2025 Approved and Unapproved CDF Community Projects|http://www.mpongwecouncil.gov.zm/wp-content/uploads/2025/11/APPROVED-AND-UNAPPROVED-COMMUNITY-PROJECTS-2025.pdf
CDF2025-012|Education|Kanyenda|Construction of 1x3 CRB at Chibuli Primary School|Not Approved|Not the first priority|2025|Mpongwe 2025 Approved and Unapproved CDF Community Projects|http://www.mpongwecouncil.gov.zm/wp-content/uploads/2025/11/APPROVED-AND-UNAPPROVED-COMMUNITY-PROJECTS-2025.pdf
CDF2025-013|Health|Kanyenda|Completion of 1 staff house at Kanyenda Clinic|Approved||2025|Mpongwe 2025 Approved and Unapproved CDF Community Projects|http://www.mpongwecouncil.gov.zm/wp-content/uploads/2025/11/APPROVED-AND-UNAPPROVED-COMMUNITY-PROJECTS-2025.pdf
CDF2025-014|Education|Ntanda|Construction of 1x3 CRB and 2 staff houses at Makombo in Muchindushi|Not Approved|Not the first priority|2025|Mpongwe 2025 Approved and Unapproved CDF Community Projects|http://www.mpongwecouncil.gov.zm/wp-content/uploads/2025/11/APPROVED-AND-UNAPPROVED-COMMUNITY-PROJECTS-2025.pdf
CDF2025-015|Education|Ntanda|Construction of 1x3 CRB at Swaya Community School|Not Approved|Not the first priority|2025|Mpongwe 2025 Approved and Unapproved CDF Community Projects|http://www.mpongwecouncil.gov.zm/wp-content/uploads/2025/11/APPROVED-AND-UNAPPROVED-COMMUNITY-PROJECTS-2025.pdf
CDF2025-016|Education|Ntanda|Construction of 1x3 CRB and 2 staff houses in Twikatane|Approved||2025|Mpongwe 2025 Approved and Unapproved CDF Community Projects|http://www.mpongwecouncil.gov.zm/wp-content/uploads/2025/11/APPROVED-AND-UNAPPROVED-COMMUNITY-PROJECTS-2025.pdf
CDF2025-017|Education|Ntanda|Construction of 1x3 CRB and 2 staff houses in Chibangu|Not Approved|Not the first priority|2025|Mpongwe 2025 Approved and Unapproved CDF Community Projects|http://www.mpongwecouncil.gov.zm/wp-content/uploads/2025/11/APPROVED-AND-UNAPPROVED-COMMUNITY-PROJECTS-2025.pdf
CDF2025-018|Education|Ntanda|Construction of 2 staff houses at Lukanga north B school in Lukanga North|Not Approved|Not the first priority|2025|Mpongwe 2025 Approved and Unapproved CDF Community Projects|http://www.mpongwecouncil.gov.zm/wp-content/uploads/2025/11/APPROVED-AND-UNAPPROVED-COMMUNITY-PROJECTS-2025.pdf
CDF2025-019|Education|Ntanda|Construction of 3 staff houses and 3 toilets at Ntanda primary School|Not Approved|Not the first priority|2025|Mpongwe 2025 Approved and Unapproved CDF Community Projects|http://www.mpongwecouncil.gov.zm/wp-content/uploads/2025/11/APPROVED-AND-UNAPPROVED-COMMUNITY-PROJECTS-2025.pdf
CDF2025-020|Education|Kashiba|Construction of 1x3 CRB at Ikula Community School|Not Approved|Not the first priority|2025|Mpongwe 2025 Approved and Unapproved CDF Community Projects|http://www.mpongwecouncil.gov.zm/wp-content/uploads/2025/11/APPROVED-AND-UNAPPROVED-COMMUNITY-PROJECTS-2025.pdf
CDF2025-021|Education|Kashiba|Construction of 1x3 CRB at Water Affairs Community School|Not Approved|Not the first priority|2025|Mpongwe 2025 Approved and Unapproved CDF Community Projects|http://www.mpongwecouncil.gov.zm/wp-content/uploads/2025/11/APPROVED-AND-UNAPPROVED-COMMUNITY-PROJECTS-2025.pdf
CDF2025-022|Education|Kashiba|Construction of 1 staff house at Chinampanga Community School|Not Approved|Not the first priority|2025|Mpongwe 2025 Approved and Unapproved CDF Community Projects|http://www.mpongwecouncil.gov.zm/wp-content/uploads/2025/11/APPROVED-AND-UNAPPROVED-COMMUNITY-PROJECTS-2025.pdf
CDF2025-023|Health|Kashiba|Construction of 1 staff house at Mfulabunga Clinic|Not Approved|Not the first priority|2025|Mpongwe 2025 Approved and Unapproved CDF Community Projects|http://www.mpongwecouncil.gov.zm/wp-content/uploads/2025/11/APPROVED-AND-UNAPPROVED-COMMUNITY-PROJECTS-2025.pdf
CDF2025-024|Education|Luswishi|Construction of 1x3 CRB and 2 staff houses at Luswishi Primary School|Not Approved|Not the first priority|2025|Mpongwe 2025 Approved and Unapproved CDF Community Projects|http://www.mpongwecouncil.gov.zm/wp-content/uploads/2025/11/APPROVED-AND-UNAPPROVED-COMMUNITY-PROJECTS-2025.pdf
CDF2025-025||Luswishi|Construction of Luswishi Market in the ward|Not Approved|Not the first priority|2025|Mpongwe 2025 Approved and Unapproved CDF Community Projects|http://www.mpongwecouncil.gov.zm/wp-content/uploads/2025/11/APPROVED-AND-UNAPPROVED-COMMUNITY-PROJECTS-2025.pdf
CDF2025-026|Education|Luswishi|Construction of 1x3 CRB and 1 staff house at Mayewe Community School|Not Approved|Not the first priority|2025|Mpongwe 2025 Approved and Unapproved CDF Community Projects|http://www.mpongwecouncil.gov.zm/wp-content/uploads/2025/11/APPROVED-AND-UNAPPROVED-COMMUNITY-PROJECTS-2025.pdf
CDF2025-027|Education|Luswishi|Construction of 1x3 CRB and 1 staff house at Kalabi Community School|Not Approved|Not the first priority|2025|Mpongwe 2025 Approved and Unapproved CDF Community Projects|http://www.mpongwecouncil.gov.zm/wp-content/uploads/2025/11/APPROVED-AND-UNAPPROVED-COMMUNITY-PROJECTS-2025.pdf
CDF2025-028|Health|Luswishi|Construction of maternity wing at Luswishi Health post|Not Approved|Not the first priority|2025|Mpongwe 2025 Approved and Unapproved CDF Community Projects|http://www.mpongwecouncil.gov.zm/wp-content/uploads/2025/11/APPROVED-AND-UNAPPROVED-COMMUNITY-PROJECTS-2025.pdf
CDF2025-029|Education|Mpongwe Central|Construction of Mpongwe Central Secondary School|Not Approved|Not the first priority|2025|Mpongwe 2025 Approved and Unapproved CDF Community Projects|http://www.mpongwecouncil.gov.zm/wp-content/uploads/2025/11/APPROVED-AND-UNAPPROVED-COMMUNITY-PROJECTS-2025.pdf
CDF2025-030|Information|Mpongwe Central|Construction of M.B.A Community Radio Station studio with furniture,eqiupm ent and other items needed|Not Approved|Not a priority|2025|Mpongwe 2025 Approved and Unapproved CDF Community Projects|http://www.mpongwecouncil.gov.zm/wp-content/uploads/2025/11/APPROVED-AND-UNAPPROVED-COMMUNITY-PROJECTS-2025.pdf
CDF2025-031|Local Government|Mpongwe Central|Construction of Parliamentary Constituency Office|Approved||2025|Mpongwe 2025 Approved and Unapproved CDF Community Projects|http://www.mpongwecouncil.gov.zm/wp-content/uploads/2025/11/APPROVED-AND-UNAPPROVED-COMMUNITY-PROJECTS-2025.pdf
CDF2025-032|Health|Mpongwe Central|Construction of Mothers waiting shelter at Mpongwe Mission Hospital|Not Approved|Not the first priority; hospital was funded in the previous year with medical equipment|2025|Mpongwe 2025 Approved and Unapproved CDF Community Projects|http://www.mpongwecouncil.gov.zm/wp-content/uploads/2025/11/APPROVED-AND-UNAPPROVED-COMMUNITY-PROJECTS-2025.pdf
CDF2025-033||Mpongwe Central|Procurement of motor bikes and bicyles for WDCs|Partially Approved|Motor bikes not approved; bicycles approved instead|2025|Mpongwe 2025 Approved and Unapproved CDF Community Projects|http://www.mpongwecouncil.gov.zm/wp-content/uploads/2025/11/APPROVED-AND-UNAPPROVED-COMMUNITY-PROJECTS-2025.pdf
CDF2025-034|Transport|Mpongwe Central|Procurement a roller compactor|Approved||2025|Mpongwe 2025 Approved and Unapproved CDF Community Projects|http://www.mpongwecouncil.gov.zm/wp-content/uploads/2025/11/APPROVED-AND-UNAPPROVED-COMMUNITY-PROJECTS-2025.pdf
CDF2025-035|Education|Mpongwe Central|Construction of Ablution blocks and water reticulation at Buni Primary School|Approved||2025|Mpongwe 2025 Approved and Unapproved CDF Community Projects|http://www.mpongwecouncil.gov.zm/wp-content/uploads/2025/11/APPROVED-AND-UNAPPROVED-COMMUNITY-PROJECTS-2025.pdf
CDF2025-036|Infrastructure|Mpongwe Central|Construction of a modern police station|Not Approved|A modern police station was already under construction; project falls under the Ministry of Infrastructure|2025|Mpongwe 2025 Approved and Unapproved CDF Community Projects|http://www.mpongwecouncil.gov.zm/wp-content/uploads/2025/11/APPROVED-AND-UNAPPROVED-COMMUNITY-PROJECTS-2025.pdf
CDF2025-037|Health|Mpongwe Central|Renovation of Old District Administration Office into Rural Urban Central Clinic|Not Approved|No documentation for transfer of property from Provincial Administration|2025|Mpongwe 2025 Approved and Unapproved CDF Community Projects|http://www.mpongwecouncil.gov.zm/wp-content/uploads/2025/11/APPROVED-AND-UNAPPROVED-COMMUNITY-PROJECTS-2025.pdf
CDF2025-038|Health|Mpongwe Central|Purchase of X- Ray and Scanner at Mpongwe Mission Hospital|Not Approved|Inadequate Funding|2025|Mpongwe 2025 Approved and Unapproved CDF Community Projects|http://www.mpongwecouncil.gov.zm/wp-content/uploads/2025/11/APPROVED-AND-UNAPPROVED-COMMUNITY-PROJECTS-2025.pdf
CDF2025-039||Mpongwe Central|Purchase of solar panel as power backup for National Assembly Mpongwe Constituency|Not Approved|Not the first priority|2025|Mpongwe 2025 Approved and Unapproved CDF Community Projects|http://www.mpongwecouncil.gov.zm/wp-content/uploads/2025/11/APPROVED-AND-UNAPPROVED-COMMUNITY-PROJECTS-2025.pdf
CDF2025-040|Health|Kasonga|Construction of Mitumba Hill Health Post|Not Approved|Inadequate Funding|2025|Mpongwe 2025 Approved and Unapproved CDF Community Projects|http://www.mpongwecouncil.gov.zm/wp-content/uploads/2025/11/APPROVED-AND-UNAPPROVED-COMMUNITY-PROJECTS-2025.pdf
CDF2025-041|Education|Kasonga|Construction of 1x3 CRB at Mangonwa Community School|Not Approved|Inadequate Funding|2025|Mpongwe 2025 Approved and Unapproved CDF Community Projects|http://www.mpongwecouncil.gov.zm/wp-content/uploads/2025/11/APPROVED-AND-UNAPPROVED-COMMUNITY-PROJECTS-2025.pdf
CDF2025-042|Education|Kasonga|Construction of 1x3 CRB at Chunga Community School|Not Approved|Inadequate Funding|2025|Mpongwe 2025 Approved and Unapproved CDF Community Projects|http://www.mpongwecouncil.gov.zm/wp-content/uploads/2025/11/APPROVED-AND-UNAPPROVED-COMMUNITY-PROJECTS-2025.pdf
CDF2025-043|Agriculture|Kasonga|Construction of Agricultural staff house at Mushiwe|Not Approved|Inadequate Funding|2025|Mpongwe 2025 Approved and Unapproved CDF Community Projects|http://www.mpongwecouncil.gov.zm/wp-content/uploads/2025/11/APPROVED-AND-UNAPPROVED-COMMUNITY-PROJECTS-2025.pdf
CDF2025-044|Education|Kasonga|Construction of 1x3 CRB at Kasonkomona twebo Primary School|Not Approved|Inadequate Funding|2025|Mpongwe 2025 Approved and Unapproved CDF Community Projects|http://www.mpongwecouncil.gov.zm/wp-content/uploads/2025/11/APPROVED-AND-UNAPPROVED-COMMUNITY-PROJECTS-2025.pdf
CDF2025-045|Education|Ipumbu|Construction of 1x3 CRB at Nkulushu Primary School|Not Approved|Inadequate Funding|2025|Mpongwe 2025 Approved and Unapproved CDF Community Projects|http://www.mpongwecouncil.gov.zm/wp-content/uploads/2025/11/APPROVED-AND-UNAPPROVED-COMMUNITY-PROJECTS-2025.pdf
CDF2025-046|Economic|Ipumbu|Construction of a market shelter and ablution block at Ipumbu Market|Approved||2025|Mpongwe 2025 Approved and Unapproved CDF Community Projects|http://www.mpongwecouncil.gov.zm/wp-content/uploads/2025/11/APPROVED-AND-UNAPPROVED-COMMUNITY-PROJECTS-2025.pdf
CDF2025-047|Health|Ipumbu|Construction of 1 staff house,ablution block and eqiupment for mothers shelter at Ipumbu Clinic.|Not Approved|Inadequate Funding|2025|Mpongwe 2025 Approved and Unapproved CDF Community Projects|http://www.mpongwecouncil.gov.zm/wp-content/uploads/2025/11/APPROVED-AND-UNAPPROVED-COMMUNITY-PROJECTS-2025.pdf
CDF2025-048|Health|Ibenga|Upgrade of St.theresa's Mission Hospital mortuary|Not Approved|Inadequate Funding|2025|Mpongwe 2025 Approved and Unapproved CDF Community Projects|http://www.mpongwecouncil.gov.zm/wp-content/uploads/2025/11/APPROVED-AND-UNAPPROVED-COMMUNITY-PROJECTS-2025.pdf
CDF2025-049|Infrastructure|Ibenga|Istallation of street lights at Ibenga trading area a stretch of 2kilometers|Not Approved|Inadequate Funding|2025|Mpongwe 2025 Approved and Unapproved CDF Community Projects|http://www.mpongwecouncil.gov.zm/wp-content/uploads/2025/11/APPROVED-AND-UNAPPROVED-COMMUNITY-PROJECTS-2025.pdf
CDF2025-050|Transport|Ibenga|Construction of a bridge at Ibenga river in Butikili|Not Approved|Inadequate Funding|2025|Mpongwe 2025 Approved and Unapproved CDF Community Projects|http://www.mpongwecouncil.gov.zm/wp-content/uploads/2025/11/APPROVED-AND-UNAPPROVED-COMMUNITY-PROJECTS-2025.pdf
CDF2025-051|Health|Ibenga|Construction of a staff at Mulilantambo clinic|Approved||2025|Mpongwe 2025 Approved and Unapproved CDF Community Projects|http://www.mpongwecouncil.gov.zm/wp-content/uploads/2025/11/APPROVED-AND-UNAPPROVED-COMMUNITY-PROJECTS-2025.pdf
CDF2025-052|Education|Ibenga|Construction of ablution block at St.theresa's Secondary school|Not Approved|Inadequate Funding|2025|Mpongwe 2025 Approved and Unapproved CDF Community Projects|http://www.mpongwecouncil.gov.zm/wp-content/uploads/2025/11/APPROVED-AND-UNAPPROVED-COMMUNITY-PROJECTS-2025.pdf
CDF2025-053|Education|Ibenga|Construction of 2 staff houses and ablution block at Mipini School|Not Approved|Inadequate Funding|2025|Mpongwe 2025 Approved and Unapproved CDF Community Projects|http://www.mpongwecouncil.gov.zm/wp-content/uploads/2025/11/APPROVED-AND-UNAPPROVED-COMMUNITY-PROJECTS-2025.pdf
CDF2025-054|Education|Nampamba|Construction of 1x3 CRB in Chawama zone|Not Approved|Inadequate Funding|2025|Mpongwe 2025 Approved and Unapproved CDF Community Projects|http://www.mpongwecouncil.gov.zm/wp-content/uploads/2025/11/APPROVED-AND-UNAPPROVED-COMMUNITY-PROJECTS-2025.pdf
CDF2025-055|Water and Sanitation|Nampamba|Upgrade of Mpuku borehole in Mwanga zone|Not Approved|Inadequate Funding|2025|Mpongwe 2025 Approved and Unapproved CDF Community Projects|http://www.mpongwecouncil.gov.zm/wp-content/uploads/2025/11/APPROVED-AND-UNAPPROVED-COMMUNITY-PROJECTS-2025.pdf
CDF2025-056|Transport|Nampamba|Construction of Muchindushi bridge in Chowa zone|Not Approved|Inadequate Funding|2025|Mpongwe 2025 Approved and Unapproved CDF Community Projects|http://www.mpongwecouncil.gov.zm/wp-content/uploads/2025/11/APPROVED-AND-UNAPPROVED-COMMUNITY-PROJECTS-2025.pdf
CDF2025-057|Health|Nampamba|Construction of a staff house, ablution block and water reticulation at chowa health post|Approved||2025|Mpongwe 2025 Approved and Unapproved CDF Community Projects|http://www.mpongwecouncil.gov.zm/wp-content/uploads/2025/11/APPROVED-AND-UNAPPROVED-COMMUNITY-PROJECTS-2025.pdf
CDF2025-058|Health|Nampamba|Completion of John Chawa clinic in Chawama zone|Not Approved|Inadequate Funding|2025|Mpongwe 2025 Approved and Unapproved CDF Community Projects|http://www.mpongwecouncil.gov.zm/wp-content/uploads/2025/11/APPROVED-AND-UNAPPROVED-COMMUNITY-PROJECTS-2025.pdf
CDF2025-059|Education|Chisapa|Construction of 1x3 CRB and 2 staff houses at Malembeka Primary School|Not Approved|Inadequate Funding|2025|Mpongwe 2025 Approved and Unapproved CDF Community Projects|http://www.mpongwecouncil.gov.zm/wp-content/uploads/2025/11/APPROVED-AND-UNAPPROVED-COMMUNITY-PROJECTS-2025.pdf
CDF2025-060|Education|Chisapa|Drilling of solar powered borehole at Kantolo Primary School|Not Approved|Inadequate Funding|2025|Mpongwe 2025 Approved and Unapproved CDF Community Projects|http://www.mpongwecouncil.gov.zm/wp-content/uploads/2025/11/APPROVED-AND-UNAPPROVED-COMMUNITY-PROJECTS-2025.pdf
CDF2025-061|Road/ Transport|Chisapa|Grading of road connecting Kantolo to Chisapa|Not Approved|Inadequate Funding|2025|Mpongwe 2025 Approved and Unapproved CDF Community Projects|http://www.mpongwecouncil.gov.zm/wp-content/uploads/2025/11/APPROVED-AND-UNAPPROVED-COMMUNITY-PROJECTS-2025.pdf
CDF2025-062|Communication|Chisapa|Construction of a network tower in the ward|Not Approved|Not amongst the recommended projects in the CDF Guidelines|2025|Mpongwe 2025 Approved and Unapproved CDF Community Projects|http://www.mpongwecouncil.gov.zm/wp-content/uploads/2025/11/APPROVED-AND-UNAPPROVED-COMMUNITY-PROJECTS-2025.pdf
CDF2025-063|Education|Chisapa|Construction of a pre-school in Chitina area.|Not Approved|Inadequate Funding|2025|Mpongwe 2025 Approved and Unapproved CDF Community Projects|http://www.mpongwecouncil.gov.zm/wp-content/uploads/2025/11/APPROVED-AND-UNAPPROVED-COMMUNITY-PROJECTS-2025.pdf
CDF2025-064||Musofu|Grading of road from Kapitolo to Mushipashi|Not Approved|Inadequate Funding|2025|Mpongwe 2025 Approved and Unapproved CDF Community Projects|http://www.mpongwecouncil.gov.zm/wp-content/uploads/2025/11/APPROVED-AND-UNAPPROVED-COMMUNITY-PROJECTS-2025.pdf
CDF2025-065|Water and Sanitation|Musofu|Drilling of solar powered boreholes at Musofu market,Kabampa nga market,chitube community school|Not Approved|Inadequate Funding|2025|Mpongwe 2025 Approved and Unapproved CDF Community Projects|http://www.mpongwecouncil.gov.zm/wp-content/uploads/2025/11/APPROVED-AND-UNAPPROVED-COMMUNITY-PROJECTS-2025.pdf
CDF2025-066|Education|Musofu|Upgradin of Mwinuna primary,Mushipa shi primary and Miyanda Community school|Not Approved|Inadequate Funding|2025|Mpongwe 2025 Approved and Unapproved CDF Community Projects|http://www.mpongwecouncil.gov.zm/wp-content/uploads/2025/11/APPROVED-AND-UNAPPROVED-COMMUNITY-PROJECTS-2025.pdf
CDF2025-067|Health|Musofu|Upgrade of Mwinuna and Mushipashi Health posts into Modern clinics.|Not Approved|Inadequate Funding|2025|Mpongwe 2025 Approved and Unapproved CDF Community Projects|http://www.mpongwecouncil.gov.zm/wp-content/uploads/2025/11/APPROVED-AND-UNAPPROVED-COMMUNITY-PROJECTS-2025.pdf
CDF2025-068|Agriculture|Kasamba|Construction of a shelter at Kasamba depot|Not Approved|Inadequate Funding|2025|Mpongwe 2025 Approved and Unapproved CDF Community Projects|http://www.mpongwecouncil.gov.zm/wp-content/uploads/2025/11/APPROVED-AND-UNAPPROVED-COMMUNITY-PROJECTS-2025.pdf
CDF2025-069|Education|Mikata|Construction of 3 dormitories for girls at Chintifu Secondary School|Not Approved|Inadequate Funding|2025|Mpongwe 2025 Approved and Unapproved CDF Community Projects|http://www.mpongwecouncil.gov.zm/wp-content/uploads/2025/11/APPROVED-AND-UNAPPROVED-COMMUNITY-PROJECTS-2025.pdf
CDF2025-070|Education|Mikata|Construction of 1x3 CRB at Nawanda Community School|Not Approved|Inadequate Funding|2025|Mpongwe 2025 Approved and Unapproved CDF Community Projects|http://www.mpongwecouncil.gov.zm/wp-content/uploads/2025/11/APPROVED-AND-UNAPPROVED-COMMUNITY-PROJECTS-2025.pdf
CDF2025-071|Education|Mikata|Construction of 1x3 CRB at Njili Community School|Not Approved|Inadequate Funding|2025|Mpongwe 2025 Approved and Unapproved CDF Community Projects|http://www.mpongwecouncil.gov.zm/wp-content/uploads/2025/11/APPROVED-AND-UNAPPROVED-COMMUNITY-PROJECTS-2025.pdf
CDF2025-072|Education|Mikata|Construction of 1x3 CRB at Mipini Community School|Not Approved|Inadequate Funding|2025|Mpongwe 2025 Approved and Unapproved CDF Community Projects|http://www.mpongwecouncil.gov.zm/wp-content/uploads/2025/11/APPROVED-AND-UNAPPROVED-COMMUNITY-PROJECTS-2025.pdf
CDF2025-073|Health|Mikata|Upgrading of Mikata Rural Health Center to mini hospital|Not Approved|Inadequate Funding|2025|Mpongwe 2025 Approved and Unapproved CDF Community Projects|http://www.mpongwecouncil.gov.zm/wp-content/uploads/2025/11/APPROVED-AND-UNAPPROVED-COMMUNITY-PROJECTS-2025.pdf
CDF2025-074|Security|Munkumpu|Construction of a Police post in Munkumpu Central|Approved||2025|Mpongwe 2025 Approved and Unapproved CDF Community Projects|http://www.mpongwecouncil.gov.zm/wp-content/uploads/2025/11/APPROVED-AND-UNAPPROVED-COMMUNITY-PROJECTS-2025.pdf
CDF2025-075|Education|Munkumpu|Construction of 2 staff houses in Mulele|Not Approved|Inadequate Funding|2025|Mpongwe 2025 Approved and Unapproved CDF Community Projects|http://www.mpongwecouncil.gov.zm/wp-content/uploads/2025/11/APPROVED-AND-UNAPPROVED-COMMUNITY-PROJECTS-2025.pdf
CDF2025-076|Health & Road|Munkumpu|Construction of a health post and grading of feeder road in Chitabale|Not Approved|Inadequate Funding|2025|Mpongwe 2025 Approved and Unapproved CDF Community Projects|http://www.mpongwecouncil.gov.zm/wp-content/uploads/2025/11/APPROVED-AND-UNAPPROVED-COMMUNITY-PROJECTS-2025.pdf
CDF2025-077|Education|Munkumpu|Construction of a Community School in Chilelwe|Not Approved|Inadequate Funding|2025|Mpongwe 2025 Approved and Unapproved CDF Community Projects|http://www.mpongwecouncil.gov.zm/wp-content/uploads/2025/11/APPROVED-AND-UNAPPROVED-COMMUNITY-PROJECTS-2025.pdf
CDF2025-078|Water and Sanitation|Munkumpu|Drilling of boreholes for each zone in the ward|Not Approved|Inadequate Funding|2025|Mpongwe 2025 Approved and Unapproved CDF Community Projects|http://www.mpongwecouncil.gov.zm/wp-content/uploads/2025/11/APPROVED-AND-UNAPPROVED-COMMUNITY-PROJECTS-2025.pdf
CDF2025-079|Education|Kalweo|Construction of 1x3 CRB,1 staff house and a borehole in Shibulwa|Not Approved|Inadequate Funding|2025|Mpongwe 2025 Approved and Unapproved CDF Community Projects|http://www.mpongwecouncil.gov.zm/wp-content/uploads/2025/11/APPROVED-AND-UNAPPROVED-COMMUNITY-PROJECTS-2025.pdf
CDF2025-080|Education|Kalweo|Construction of 1x2 CRB,1 staff house and a borehole in Busakalala|Not Approved|Inadequate Funding|2025|Mpongwe 2025 Approved and Unapproved CDF Community Projects|http://www.mpongwecouncil.gov.zm/wp-content/uploads/2025/11/APPROVED-AND-UNAPPROVED-COMMUNITY-PROJECTS-2025.pdf
CDF2025-081|Education|Kalweo|Construction of 1x3 CRB,1 staff house and a borehole in Chibuli|Not Approved|Inadequate Funding|2025|Mpongwe 2025 Approved and Unapproved CDF Community Projects|http://www.mpongwecouncil.gov.zm/wp-content/uploads/2025/11/APPROVED-AND-UNAPPROVED-COMMUNITY-PROJECTS-2025.pdf
CDF2025-082|Education|Kalweo|Construction of 1x3 CRB and a staff house in luamabwe|Not Approved|Inadequate Funding|2025|Mpongwe 2025 Approved and Unapproved CDF Community Projects|http://www.mpongwecouncil.gov.zm/wp-content/uploads/2025/11/APPROVED-AND-UNAPPROVED-COMMUNITY-PROJECTS-2025.pdf
CDF2025-083|Education|Kalweo|Construction of 1x3 CRB in Muyambe|Not Approved|Inadequate Funding|2025|Mpongwe 2025 Approved and Unapproved CDF Community Projects|http://www.mpongwecouncil.gov.zm/wp-content/uploads/2025/11/APPROVED-AND-UNAPPROVED-COMMUNITY-PROJECTS-2025.pdf
CDF2025-084|Education|All Wards|Purchase and distribution of 4000 Desks|Approved||2025|Mpongwe 2025 Approved and Unapproved CDF Community Projects|http://www.mpongwecouncil.gov.zm/wp-content/uploads/2025/11/APPROVED-AND-UNAPPROVED-COMMUNITY-PROJECTS-2025.pdf
