procurement_id|year|procurement_class|unspsc|description|reference_number|unit_of_measure|quantity|source_of_funds|procurement_method|publication_date|award_date|start_date|estimated_budget_zmw|comments|source_document|source_url
APP2023-011|2023|goods|22101500|||Each|1.0|CDF|obn|2023-06-09|2023-07-17|2023-08-23|||mpongwe_procurement_plan_2023.pdf|https://www.mpongwecouncil.gov.zm/wp-content/uploads/2023/11/APP-MPONGWE-TOWN-COUNCIL-1.pdf
APP2023-012|2023|goods|25101601|||Each|1.0|CDF|obn|2023-06-09|2023-07-17|2023-08-25|||mpongwe_procurement_plan_2023.pdf|https://www.mpongwecouncil.gov.zm/wp-content/uploads/2023/11/APP-MPONGWE-TOWN-COUNCIL-1.pdf
APP2023-013|2023|goods|25111505|||Each|1.0|CDF|obn|2023-06-09|2023-07-17|2023-08-24|||mpongwe_procurement_plan_2023.pdf|https://www.mpongwecouncil.gov.zm/wp-content/uploads/2023/11/APP-MPONGWE-TOWN-COUNCIL-1.pdf
APP2023-014|2023|goods|22101511|||Each|1.0|CDF|obn|2023-06-09|2023-07-17|2023-08-23|||mpongwe_procurement_plan_2023.pdf|https://www.mpongwecouncil.gov.zm/wp-content/uploads/2023/11/APP-MPONGWE-TOWN-COUNCIL-1.pdf
APP2023-015|2023|works|30120000|||sV aMrpioounsgwe ward||CDF|sb|2023-06-08|2023-07-05|2023-07-11|||mpongwe_procurement_plan_2023.pdf|https://www.mpongwecouncil.gov.zm/wp-content/uploads/2023/11/APP-MPONGWE-TOWN-COUNCIL-1.pdf
APP2023-016|2023|works|72130000|||eEmac aht Kaloko school-||CDF|obn|2023-06-09|2023-07-17|2023-08-29|||mpongwe_procurement_plan_2023.pdf|https://www.mpongwecouncil.gov.zm/wp-content/uploads/2023/11/APP-MPONGWE-TOWN-COUNCIL-1.pdf
APP2023-017|2023|works|72130000|||oEna acth Muyambe-Kalw||CDF|obn|2023-06-09|2023-07-17|2023-08-28|||mpongwe_procurement_plan_2023.pdf|https://www.mpongwecouncil.gov.zm/wp-content/uploads/2023/11/APP-MPONGWE-TOWN-COUNCIL-1.pdf
APP2023-018|2023|works|72130000|||Each|1.0|CDF|sb|2023-06-08|2023-06-23|2023-06-26|||mpongwe_procurement_plan_2023.pdf|https://www.mpongwecouncil.gov.zm/wp-content/uploads/2023/11/APP-MPONGWE-TOWN-COUNCIL-1.pdf
APP2023-019|2023|works|72130000|||mE a acth mikata market-||CDF|sb|2023-06-08|2023-06-23|2023-06-26|||mpongwe_procurement_plan_2023.pdf|https://www.mpongwecouncil.gov.zm/wp-content/uploads/2023/11/APP-MPONGWE-TOWN-COUNCIL-1.pdf
APP2023-020|2023|works|72130000|||Each|1.0|CDF|sb|2023-06-08|2023-06-23|2023-06-26|||mpongwe_procurement_plan_2023.pdf|https://www.mpongwecouncil.gov.zm/wp-content/uploads/2023/11/APP-MPONGWE-TOWN-COUNCIL-1.pdf
APP2023-021|2023|goods|44121600|||Each|315.0|CDF|sb|2023-06-08|2023-06-23|2023-06-26|||mpongwe_procurement_plan_2023.pdf|https://www.mpongwecouncil.gov.zm/wp-content/uploads/2023/11/APP-MPONGWE-TOWN-COUNCIL-1.pdf
APP2023-022|2023|goods|20122836|||Each|7.0|CDF|sb|2023-06-08|2023-06-23|2023-06-26|||mpongwe_procurement_plan_2023.pdf|https://www.mpongwecouncil.gov.zm/wp-content/uploads/2023/11/APP-MPONGWE-TOWN-COUNCIL-1.pdf
APP2023-023|2023|goods|53101800|||Each|20.0|CDF|sb|2023-06-08|2023-06-23|2023-06-26|||mpongwe_procurement_plan_2023.pdf|https://www.mpongwecouncil.gov.zm/wp-content/uploads/2023/11/APP-MPONGWE-TOWN-COUNCIL-1.pdf
APP2023-024|2023|goods|15000000||MTC/SFL/LR/23|Various||uLgohc oaul rt ethveen fuineancial year|sb|2023-01-02||2023-12-20||procured thro|mpongwe_procurement_plan_2023.pdf|https://www.mpongwecouncil.gov.zm/wp-content/uploads/2023/11/APP-MPONGWE-TOWN-COUNCIL-1.pdf
APP2023-025|2023|goods|44120000||MTC/SOS/LR/23|Various||tLeorlcyal revenue|sb|2023-02-02||2023-12-20||procured quar|mpongwe_procurement_plan_2023.pdf|https://www.mpongwecouncil.gov.zm/wp-content/uploads/2023/11/APP-MPONGWE-TOWN-COUNCIL-1.pdf
APP2023-026|2023|non consulting services|83121703||MTC/SIC/LR/23|Various||uLgohc oaul rt ethveen fuineancial year|sb|2023-01-02||2023-12-20||procured thro|mpongwe_procurement_plan_2023.pdf|https://www.mpongwecouncil.gov.zm/wp-content/uploads/2023/11/APP-MPONGWE-TOWN-COUNCIL-1.pdf
APP2023-027|2023|goods|44000000||MTC/SOE/LR/23|||tLeorlcyal revenue|sb|2023-01-02||2023-12-20||procured quar|mpongwe_procurement_plan_2023.pdf|https://www.mpongwecouncil.gov.zm/wp-content/uploads/2023/11/APP-MPONGWE-TOWN-COUNCIL-1.pdf
APP2023-028|2023|goods|81112002|||Various||tLeorlcyal revenue|sb|2023-01-02||2023-12-20||procured quar|mpongwe_procurement_plan_2023.pdf|https://www.mpongwecouncil.gov.zm/wp-content/uploads/2023/11/APP-MPONGWE-TOWN-COUNCIL-1.pdf
APP2023-029|2023|non consulting services|60104904||MTC/EC/LR/23|Various||uLgohc oaul rt ethveen fuineancial year|sb|2023-01-02||2023-12-30||procured thro|mpongwe_procurement_plan_2023.pdf|https://www.mpongwecouncil.gov.zm/wp-content/uploads/2023/11/APP-MPONGWE-TOWN-COUNCIL-1.pdf
APP2023-030|2023|works|30130000|||Various||uLgohc oaul rt ethveen fuineancial year|sb|2023-01-02||2023-12-20||procured thro|mpongwe_procurement_plan_2023.pdf|https://www.mpongwecouncil.gov.zm/wp-content/uploads/2023/11/APP-MPONGWE-TOWN-COUNCIL-1.pdf
APP2023-031|2023|non consulting services|78180100|||Various||uLgohc oaul rt ethveen fuineancial year|sb|2023-01-02||2023-12-20||procured thro|mpongwe_procurement_plan_2023.pdf|https://www.mpongwecouncil.gov.zm/wp-content/uploads/2023/11/APP-MPONGWE-TOWN-COUNCIL-1.pdf
APP2023-032|2023|goods|78180100||MTC/SSP/LR/23|Various||uLgohc oaul rt ethveen fuineancial year|sb|2023-01-02||2023-12-20||procured thro|mpongwe_procurement_plan_2023.pdf|https://www.mpongwecouncil.gov.zm/wp-content/uploads/2023/11/APP-MPONGWE-TOWN-COUNCIL-1.pdf
APP2023-033|2023|goods|48000000||MTC/ST/LR/23|Various||tLeorlcyal revenue|sb|2023-01-02||2023-12-20||procured quar|mpongwe_procurement_plan_2023.pdf|https://www.mpongwecouncil.gov.zm/wp-content/uploads/2023/11/APP-MPONGWE-TOWN-COUNCIL-1.pdf
APP2023-034|2023|non consulting services|84000000|||Various||Local revenue|sb|2023-01-02||2023-01-19|||mpongwe_procurement_plan_2023.pdf|https://www.mpongwecouncil.gov.zm/wp-content/uploads/2023/11/APP-MPONGWE-TOWN-COUNCIL-1.pdf
APP2023-035|2023|goods|78180100|||Various||uLgohc oaul rt ethveen fuineancial year|sb|2023-01-02||2023-12-20||procured thro|mpongwe_procurement_plan_2023.pdf|https://www.mpongwecouncil.gov.zm/wp-content/uploads/2023/11/APP-MPONGWE-TOWN-COUNCIL-1.pdf
APP2023-036|2023|goods|27000000|||Various||tLeorlcyal revenue|sb|2023-01-02||2023-12-20||procured quar|mpongwe_procurement_plan_2023.pdf|https://www.mpongwecouncil.gov.zm/wp-content/uploads/2023/11/APP-MPONGWE-TOWN-COUNCIL-1.pdf
APP2023-037|2023|goods|46180000|||Various||Local revenue|sb|2023-01-02||2023-12-20|||mpongwe_procurement_plan_2023.pdf|https://www.mpongwecouncil.gov.zm/wp-content/uploads/2023/11/APP-MPONGWE-TOWN-COUNCIL-1.pdf
APP2023-038|2023|goods|71120000|||Various||Local revenue|sb|2023-06-05||2023-07-05|||mpongwe_procurement_plan_2023.pdf|https://www.mpongwecouncil.gov.zm/wp-content/uploads/2023/11/APP-MPONGWE-TOWN-COUNCIL-1.pdf
APP2023-039|2023|non consulting services|77100000|||Various||nLdo cwahl erne vneeneudeed|sb|2023-01-02||2023-12-20||procured as a|mpongwe_procurement_plan_2023.pdf|https://www.mpongwecouncil.gov.zm/wp-content/uploads/2023/11/APP-MPONGWE-TOWN-COUNCIL-1.pdf
APP2023-040|2023|non consulting services|49000000||MTC/SRF/LR/23|Various||Local revenue|sb|2023-07-07||2023-07-31|||mpongwe_procurement_plan_2023.pdf|https://www.mpongwecouncil.gov.zm/wp-content/uploads/2023/11/APP-MPONGWE-TOWN-COUNCIL-1.pdf
APP2023-041|2023|non consulting services|81151604|||Various||Local revenue|sb|2023-08-10||2023-08-09|||mpongwe_procurement_plan_2023.pdf|https://www.mpongwecouncil.gov.zm/wp-content/uploads/2023/11/APP-MPONGWE-TOWN-COUNCIL-1.pdf
APP2023-042|2023|goods|14000000||MTC/LD/LR/23|Various||Local revenue|sb|2023-04-19||2023-04-27|||mpongwe_procurement_plan_2023.pdf|https://www.mpongwecouncil.gov.zm/wp-content/uploads/2023/11/APP-MPONGWE-TOWN-COUNCIL-1.pdf
APP2023-043|2023|non consulting services|73161511|||Various||Local revenue|sb|2023-09-06||2023-09-21|||mpongwe_procurement_plan_2023.pdf|https://www.mpongwecouncil.gov.zm/wp-content/uploads/2023/11/APP-MPONGWE-TOWN-COUNCIL-1.pdf
APP2023-044|2023|works|49000000|||Each|1.0|Local revenue|sb|2023-07-27||2023-08-04|||mpongwe_procurement_plan_2023.pdf|https://www.mpongwecouncil.gov.zm/wp-content/uploads/2023/11/APP-MPONGWE-TOWN-COUNCIL-1.pdf
APP2023-045|2023|works|77100000|||Various||Local revenue|sb|2023-08-08||2023-08-28|||mpongwe_procurement_plan_2023.pdf|https://www.mpongwecouncil.gov.zm/wp-content/uploads/2023/11/APP-MPONGWE-TOWN-COUNCIL-1.pdf
APP2023-046|2023|works|30221009|||Various||uLgohc oaul rt ethveen fuineancial year|sb|2023-01-02||2023-12-20||procured thro|mpongwe_procurement_plan_2023.pdf|https://www.mpongwecouncil.gov.zm/wp-content/uploads/2023/11/APP-MPONGWE-TOWN-COUNCIL-1.pdf
APP2023-047|2023|works|20122836||MTC/MB/LR/23|Each|10.0|nLdo cwahl erne vneeneudeed|sb|2023-01-02||2023-12-20||procured as a|mpongwe_procurement_plan_2023.pdf|https://www.mpongwecouncil.gov.zm/wp-content/uploads/2023/11/APP-MPONGWE-TOWN-COUNCIL-1.pdf
APP2023-048|2023|works|72130000||MTC/GB/LR/23|Various||Local revenue|sb|2023-06-22||2023-06-20|||mpongwe_procurement_plan_2023.pdf|https://www.mpongwecouncil.gov.zm/wp-content/uploads/2023/11/APP-MPONGWE-TOWN-COUNCIL-1.pdf
APP2023-049|2023|goods|10000000||MTC/IE/LR/23|Various||uLgohc oaul rt ethveen fuineancial year|sb|2023-01-02||2023-12-20||procured thro|mpongwe_procurement_plan_2023.pdf|https://www.mpongwecouncil.gov.zm/wp-content/uploads/2023/11/APP-MPONGWE-TOWN-COUNCIL-1.pdf
APP2023-050|2023|goods|56000000||MTC/OF/LR/23|Various||tLeorlcyal revenue|sb|2023-01-02||2023-12-20||procured quar|mpongwe_procurement_plan_2023.pdf|https://www.mpongwecouncil.gov.zm/wp-content/uploads/2023/11/APP-MPONGWE-TOWN-COUNCIL-1.pdf
APP2023-051|2023|goods|20122836||MTC/SB/LR/23|Each|1.0|Local revenue|sb|2023-06-15||2023-07-06|||mpongwe_procurement_plan_2023.pdf|https://www.mpongwecouncil.gov.zm/wp-content/uploads/2023/11/APP-MPONGWE-TOWN-COUNCIL-1.pdf
APP2023-052|2023|non consulting services|43211500||MTC/CS/LR/23|Each|1.0|Local revenue|sb|2023-01-02||2023-01-17|||mpongwe_procurement_plan_2023.pdf|https://www.mpongwecouncil.gov.zm/wp-content/uploads/2023/11/APP-MPONGWE-TOWN-COUNCIL-1.pdf
APP2023-053|2023|goods|77100000||MTC/MV/LR/23|Each|1.0|Local revenue|sb|2023-03-09||2023-04-20|||mpongwe_procurement_plan_2023.pdf|https://www.mpongwecouncil.gov.zm/wp-content/uploads/2023/11/APP-MPONGWE-TOWN-COUNCIL-1.pdf
APP2023-054|2023|non consulting services|10101502||MTC/DD/LR/23|Various||tLeorlcyal revenue|sb|2023-01-02||2023-12-20||procured quar|mpongwe_procurement_plan_2023.pdf|https://www.mpongwecouncil.gov.zm/wp-content/uploads/2023/11/APP-MPONGWE-TOWN-COUNCIL-1.pdf
APP2023-055|2023|goods|50202306||MTC/SR/LR/23|Various||nLdo cwahl erne vneeneudeed|sb|2023-01-02||2023-12-29||procured as a|mpongwe_procurement_plan_2023.pdf|https://www.mpongwecouncil.gov.zm/wp-content/uploads/2023/11/APP-MPONGWE-TOWN-COUNCIL-1.pdf
APP2023-056|2023|non consulting services|77100000|||Various||Local revenue|sb|2023-06-05||2023-06-30|||mpongwe_procurement_plan_2023.pdf|https://www.mpongwecouncil.gov.zm/wp-content/uploads/2023/11/APP-MPONGWE-TOWN-COUNCIL-1.pdf
APP2023-057|2023|non consulting services|45000000||MTC/PS/LR/23|Various||nLdo cwahl erne vneeneudeed|sb|2023-06-07||2023-06-30||procured as a|mpongwe_procurement_plan_2023.pdf|https://www.mpongwecouncil.gov.zm/wp-content/uploads/2023/11/APP-MPONGWE-TOWN-COUNCIL-1.pdf
APP2024-011|2024|goods|15000000|Fuel and Lubricants|MTC/FL/LR/24|Various||Locally generated revenue||2024-01-01||2024-12-31||Procured through out the year|mpongwe_procurement_plan_2024.pdf|https://www.mpongwecouncil.gov.zm/wp-content/uploads/2024/02/MPONGWE-TOWN-COUNCIL-APP-2024-FINAL.pdf
APP2024-012|2024|goods|44120000|Office materials|MTC/OS/LR/24|Various||Locally generated revenue||2024-01-01||2024-12-31||Procured quarterly|mpongwe_procurement_plan_2024.pdf|https://www.mpongwecouncil.gov.zm/wp-content/uploads/2024/02/MPONGWE-TOWN-COUNCIL-APP-2024-FINAL.pdf
APP2024-013|2024|non consulting services|88121703|Internet charges|MTC/IC/LR/24|Various||Locally generated revenue||2024-01-01||2024-12-31||Procured monthly|mpongwe_procurement_plan_2024.pdf|https://www.mpongwecouncil.gov.zm/wp-content/uploads/2024/02/MPONGWE-TOWN-COUNCIL-APP-2024-FINAL.pdf
APP2024-014|2024|goods|44000000|Office equipment, furniture|MTC/OE/LR/24|Various||Locally generated revenue||2024-06-06||2024-12-22||Procured as and when needed|mpongwe_procurement_plan_2024.pdf|https://www.mpongwecouncil.gov.zm/wp-content/uploads/2024/02/MPONGWE-TOWN-COUNCIL-APP-2024-FINAL.pdf
APP2024-015|2024|goods|81112002|Books, magazines, stationery and newspapers|MTC/STA/LR/24|Various||Locally generated revenue||2024-01-01||2024-12-31||Procured as and when needed|mpongwe_procurement_plan_2024.pdf|https://www.mpongwecouncil.gov.zm/wp-content/uploads/2024/02/MPONGWE-TOWN-COUNCIL-APP-2024-FINAL.pdf
APP2024-016|2024|non consulting services|60104904|Electricity Charges|MTC/EC/LR/24|Various||Locally generated revenue||2024-01-01||2024-12-31||Procured as and when needed|mpongwe_procurement_plan_2024.pdf|https://www.mpongwecouncil.gov.zm/wp-content/uploads/2024/02/MPONGWE-TOWN-COUNCIL-APP-2024-FINAL.pdf
APP2024-017|2024|works|30130000|Building maintenance and Consumables|MTC/BMC/LR/24|Various||Locally generated revenue||2024-02-02||2024-12-23||Procured as and when needed|mpongwe_procurement_plan_2024.pdf|https://www.mpongwecouncil.gov.zm/wp-content/uploads/2024/02/MPONGWE-TOWN-COUNCIL-APP-2024-FINAL.pdf
APP2024-018|2024|goods|48000000|Tyres for motor vehicles|MTC/TY/LLR/24|Various||Locally generated revenue||2024-02-05||2024-12-22||Procured as and when needed|mpongwe_procurement_plan_2024.pdf|https://www.mpongwecouncil.gov.zm/wp-content/uploads/2024/02/MPONGWE-TOWN-COUNCIL-APP-2024-FINAL.pdf
APP2024-019|2024|non consulting services|84000000|Insurance for Motor vehicles|MTC/IMV/LR/24|Various||Locally generated revenue||2024-02-02||2024-12-20||Procured as and when needed|mpongwe_procurement_plan_2024.pdf|https://www.mpongwecouncil.gov.zm/wp-content/uploads/2024/02/MPONGWE-TOWN-COUNCIL-APP-2024-FINAL.pdf
APP2024-020|2024|goods|78180100|Motor Vehice Service, Spare parts, Maintenance and repair|MTC/VMR/LR/24|Various||Locally generated revenue||2024-01-01||2024-12-26||Procured through out the year|mpongwe_procurement_plan_2024.pdf|https://www.mpongwecouncil.gov.zm/wp-content/uploads/2024/02/MPONGWE-TOWN-COUNCIL-APP-2024-FINAL.pdf
APP2024-021|2024|goods|27000000|Hand Tools and Equipment|MTC/THTE/LR/24|Various||Locally generated revenue||2024-02-05||2024-12-28||Procured through out the year|mpongwe_procurement_plan_2024.pdf|https://www.mpongwecouncil.gov.zm/wp-content/uploads/2024/02/MPONGWE-TOWN-COUNCIL-APP-2024-FINAL.pdf
APP2024-022|2024|goods|46180000|Personal Protective Equipment/Sports attire|MTC/PPE/LR/24|Various||Locally generated revenue||2024-01-01||2024-12-31||Procured quarterly|mpongwe_procurement_plan_2024.pdf|https://www.mpongwecouncil.gov.zm/wp-content/uploads/2024/02/MPONGWE-TOWN-COUNCIL-APP-2024-FINAL.pdf
APP2024-023|2024|goods|71120000|Borehole pumps, rehabilitation and water reticulation|MTC/BPWRM/LR/24|Various||Locally generated revenue||2024-05-22||2024-12-28||Procured through out the year|mpongwe_procurement_plan_2024.pdf|https://www.mpongwecouncil.gov.zm/wp-content/uploads/2024/02/MPONGWE-TOWN-COUNCIL-APP-2024-FINAL.pdf
APP2024-024|2024|goods|14000000|Labour day attire, awards, gifts and banner|MTC/LDA/LR/24|Various||Locally generated revenue||2024-04-23||2024-04-25||Procured once|mpongwe_procurement_plan_2024.pdf|https://www.mpongwecouncil.gov.zm/wp-content/uploads/2024/02/MPONGWE-TOWN-COUNCIL-APP-2024-FINAL.pdf
APP2024-025|2024|non consulting services|73161511|Hire of plant and machinery|MTC/HPM/LR/24|Various||Locally generated revenue||2024-06-06||2024-10-31||Procured as and when needed|mpongwe_procurement_plan_2024.pdf|https://www.mpongwecouncil.gov.zm/wp-content/uploads/2024/02/MPONGWE-TOWN-COUNCIL-APP-2024-FINAL.pdf
APP2024-026|2024|works|20122836|Maitenance, repair of steel boats|MTC/MB/LR/CDF/24|Various|10.0|Locally generated revenue||2024-07-27||2024-12-31||Procured as and when needed|mpongwe_procurement_plan_2024.pdf|https://www.mpongwecouncil.gov.zm/wp-content/uploads/2024/02/MPONGWE-TOWN-COUNCIL-APP-2024-FINAL.pdf
APP2024-027|2024|works|72130000|General building and maintenance|MTC/GB/LR/24|Various||Locally generated revenue||2024-04-04||2024-06-08||Procured as and when needed|mpongwe_procurement_plan_2024.pdf|https://www.mpongwecouncil.gov.zm/wp-content/uploads/2024/02/MPONGWE-TOWN-COUNCIL-APP-2024-FINAL.pdf
APP2024-028|2024|goods|10000000|Industrial equipment (Skip Bins)|MTC/IE/LR/24|Various||Locally generated revenue||2024-09-10||2024-09-18||Procured once|mpongwe_procurement_plan_2024.pdf|https://www.mpongwecouncil.gov.zm/wp-content/uploads/2024/02/MPONGWE-TOWN-COUNCIL-APP-2024-FINAL.pdf
APP2024-029|2024|non consulting services|43211500|Computer software|MTC/CS/LR/24|Various||Locally generated revenue||2024-01-01||2024-12-26||Procured quarterly|mpongwe_procurement_plan_2024.pdf|https://www.mpongwecouncil.gov.zm/wp-content/uploads/2024/02/MPONGWE-TOWN-COUNCIL-APP-2024-FINAL.pdf
APP2024-030|2024|goods|77100000|Motor vehicle|MTC/MV/LR/24|Various|1.0|Locally generated revenue||2024-06-05||2024-06-15||Procured once|mpongwe_procurement_plan_2024.pdf|https://www.mpongwecouncil.gov.zm/wp-content/uploads/2024/02/MPONGWE-TOWN-COUNCIL-APP-2024-FINAL.pdf
APP2024-031|2024|non consulting services|10101502|Dog Destruction|MTC/DD/LR/24|Various||Locally generated revenue||2024-03-10||2024-11-10||Procured as and when needed|mpongwe_procurement_plan_2024.pdf|https://www.mpongwecouncil.gov.zm/wp-content/uploads/2024/02/MPONGWE-TOWN-COUNCIL-APP-2024-FINAL.pdf
APP2024-032|2024|goods|50202306|Refreshments|MTC/REF/LR/24|Various||Locally generated revenue||2024-01-01||2024-12-31||Procured as and when needed|mpongwe_procurement_plan_2024.pdf|https://www.mpongwecouncil.gov.zm/wp-content/uploads/2024/02/MPONGWE-TOWN-COUNCIL-APP-2024-FINAL.pdf
APP2024-033|2024|goods|41000000|Laboratory material|MTC/LM/LR/24|Various||Locally generated revenue||2024-03-07||2024-06-06||Procured as and when needed|mpongwe_procurement_plan_2024.pdf|https://www.mpongwecouncil.gov.zm/wp-content/uploads/2024/02/MPONGWE-TOWN-COUNCIL-APP-2024-FINAL.pdf
APP2024-034|2024|goods|10191509|Insecticides|MTC/LPH/LR/24|Various||Locally generated revenue||2024-03-09||2024-03-16||Procured as and when needed|mpongwe_procurement_plan_2024.pdf|https://www.mpongwecouncil.gov.zm/wp-content/uploads/2024/02/MPONGWE-TOWN-COUNCIL-APP-2024-FINAL.pdf
APP2024-035|2024|goods|22000000|GPS machine|MTC/GPS/LR/24|Various||Locally generated revenue||2024-10-10||2024-10-16||Procured once|mpongwe_procurement_plan_2024.pdf|https://www.mpongwecouncil.gov.zm/wp-content/uploads/2024/02/MPONGWE-TOWN-COUNCIL-APP-2024-FINAL.pdf
APP2024-036|2024|goods|14000000|Independence Day attire and banner|MTC/ID/LR/24|Various||Locally generated revenue||2024-10-18||2024-10-20||Procured once|mpongwe_procurement_plan_2024.pdf|https://www.mpongwecouncil.gov.zm/wp-content/uploads/2024/02/MPONGWE-TOWN-COUNCIL-APP-2024-FINAL.pdf
APP2024-037|2024|goods|14000000|World AIDS Day attire and banner|MTC/WAD/LR/24|Various||Locally generated revenue||2024-11-25||2024-11-27||Procured once|mpongwe_procurement_plan_2024.pdf|https://www.mpongwecouncil.gov.zm/wp-content/uploads/2024/02/MPONGWE-TOWN-COUNCIL-APP-2024-FINAL.pdf
APP2024-038|2024|goods|14000000|Youth Day attire and banner|MTC/YD/LR/24|Various||Locally generated revenue||2024-03-07||2024-03-10||Procured once|mpongwe_procurement_plan_2024.pdf|https://www.mpongwecouncil.gov.zm/wp-content/uploads/2024/02/MPONGWE-TOWN-COUNCIL-APP-2024-FINAL.pdf
APP2024-039|2024|goods|14000000|Women's Day attire and banner|MTC/WD/LR/24|Various||Locally generated revenue||2024-03-06||2024-03-08||Procured once|mpongwe_procurement_plan_2024.pdf|https://www.mpongwecouncil.gov.zm/wp-content/uploads/2024/02/MPONGWE-TOWN-COUNCIL-APP-2024-FINAL.pdf
APP2024-040|2024|goods|14000000|African Day of Decentralisation attire and banner|MTC/ADD/LR/24|Various||Locally generated revenue||2024-07-22||2024-08-01||Procured once|mpongwe_procurement_plan_2024.pdf|https://www.mpongwecouncil.gov.zm/wp-content/uploads/2024/02/MPONGWE-TOWN-COUNCIL-APP-2024-FINAL.pdf
APP2024-041|2024|goods|83121701|DSTV Subscrptions|MTC/DS/MTC/LR/24|Various||Locally generated revenue||2024-01-01||2024-12-31||Procured monthly|mpongwe_procurement_plan_2024.pdf|https://www.mpongwecouncil.gov.zm/wp-content/uploads/2024/02/MPONGWE-TOWN-COUNCIL-APP-2024-FINAL.pdf
APP2024-042|2024|goods|42251706|Motor Bike|MTC/MB/LR/24|Each|6.0|Locally generated revenue||2024-03-05||2024-03-10||Procured once|mpongwe_procurement_plan_2024.pdf|https://www.mpongwecouncil.gov.zm/wp-content/uploads/2024/02/MPONGWE-TOWN-COUNCIL-APP-2024-FINAL.pdf
APP2024-043|2024|goods|55120000|Road signages|MTC/RS/LR/24|Various||Locally generated revenue||2024-07-07||2024-07-15||Procured once|mpongwe_procurement_plan_2024.pdf|https://www.mpongwecouncil.gov.zm/wp-content/uploads/2024/02/MPONGWE-TOWN-COUNCIL-APP-2024-FINAL.pdf
APP2024-044|2024|goods|56101703|School Desks|MTC/SC/CDF/24|Various||CDF||2024-02-02||2024-12-31||Procured through out the year|mpongwe_procurement_plan_2024.pdf|https://www.mpongwecouncil.gov.zm/wp-content/uploads/2024/02/MPONGWE-TOWN-COUNCIL-APP-2024-FINAL.pdf
APP2024-045|2024|goods|42251706|Motor Bike|MTC/MB/CDF/24|Each|6.0|CDF||2024-06-07||2024-07-24||Procured once|mpongwe_procurement_plan_2024.pdf|https://www.mpongwecouncil.gov.zm/wp-content/uploads/2024/02/MPONGWE-TOWN-COUNCIL-APP-2024-FINAL.pdf
APP2024-046|2024|goods|25101703|Ambulance|MTC/AB/CDF/24|Each|1.0|CDF||2024-07-27||2024-10-10||Procured once|mpongwe_procurement_plan_2024.pdf|https://www.mpongwecouncil.gov.zm/wp-content/uploads/2024/02/MPONGWE-TOWN-COUNCIL-APP-2024-FINAL.pdf
APP2024-047|2024|works|72130000|Construction of 1 X 3 Classroom block at Mitumba Primary S||DEFaDcIhS/02/24|1.0|CDF||2024-02-05||2024-04-04||Procured once|mpongwe_procurement_plan_2024.pdf|https://www.mpongwecouncil.gov.zm/wp-content/uploads/2024/02/MPONGWE-TOWN-COUNCIL-APP-2024-FINAL.pdf
APP2025-011|2025|works|72130000|||no|1.0|Local Revenue|sb|2025-01-03|2025-01-17|2025-01-22|750000.0||mpongwe_procurement_plan_2025.pdf|http://www.mpongwecouncil.gov.zm/wp-content/uploads/2025/12/ANNUAL-PROCUREMENT-PLAN-2025.pdf
APP2025-012|2025|goods|15000000|||no|1.0|Local Revenue|sb|2025-01-20|2025-01-27|2025-01-28|150000.0||mpongwe_procurement_plan_2025.pdf|http://www.mpongwecouncil.gov.zm/wp-content/uploads/2025/12/ANNUAL-PROCUREMENT-PLAN-2025.pdf
APP2025-013|2025|goods|81112002|||no|1.0|Local Revenue|sb|2025-01-15|2025-01-23|2025-01-24|50000.0||mpongwe_procurement_plan_2025.pdf|http://www.mpongwecouncil.gov.zm/wp-content/uploads/2025/12/ANNUAL-PROCUREMENT-PLAN-2025.pdf
APP2025-014|2025|goods|44120000|||no|1.0|Local Revenue|sb|2025-01-24|2025-01-27|2025-01-31|30000.0||mpongwe_procurement_plan_2025.pdf|http://www.mpongwecouncil.gov.zm/wp-content/uploads/2025/12/ANNUAL-PROCUREMENT-PLAN-2025.pdf
APP2025-015|2025|goods|44000000|||no|1.0|Local Revenue|sb|2025-02-03|2025-02-03|2025-02-05|70000.0||mpongwe_procurement_plan_2025.pdf|http://www.mpongwecouncil.gov.zm/wp-content/uploads/2025/12/ANNUAL-PROCUREMENT-PLAN-2025.pdf
APP2025-016|2025|goods|86101500|||no|1.0|Local Revenue|sb|2025-01-24|2025-02-07|2025-02-11|300000.0||mpongwe_procurement_plan_2025.pdf|http://www.mpongwecouncil.gov.zm/wp-content/uploads/2025/12/ANNUAL-PROCUREMENT-PLAN-2025.pdf
APP2025-017|2025|goods|84000000|||no|1.0|Local Revenue|sb|2025-01-24|2025-02-10|2025-02-14|300000.0||mpongwe_procurement_plan_2025.pdf|http://www.mpongwecouncil.gov.zm/wp-content/uploads/2025/12/ANNUAL-PROCUREMENT-PLAN-2025.pdf
APP2025-018|2025|goods|48000000|||no|1.0|Local Revenue|sb|2025-02-03|2025-02-04|2025-02-05|300000.0||mpongwe_procurement_plan_2025.pdf|http://www.mpongwecouncil.gov.zm/wp-content/uploads/2025/12/ANNUAL-PROCUREMENT-PLAN-2025.pdf
APP2025-019|2025|goods|78180100|||no|1.0|Local Revenue|sb|2025-02-04|2025-02-17|2025-02-24|100000.0||mpongwe_procurement_plan_2025.pdf|http://www.mpongwecouncil.gov.zm/wp-content/uploads/2025/12/ANNUAL-PROCUREMENT-PLAN-2025.pdf
APP2025-020|2025|goods|27000000|||no|1.0|Local Revenue|obn|2025-02-05|2025-03-13|2025-03-31|4000000.0||mpongwe_procurement_plan_2025.pdf|http://www.mpongwecouncil.gov.zm/wp-content/uploads/2025/12/ANNUAL-PROCUREMENT-PLAN-2025.pdf
APP2025-021|2025|goods|46180000|||no|1.0|Local Revenue|sb|2025-02-07|2025-02-21|2025-02-25|150000.0||mpongwe_procurement_plan_2025.pdf|http://www.mpongwecouncil.gov.zm/wp-content/uploads/2025/12/ANNUAL-PROCUREMENT-PLAN-2025.pdf
APP2025-022|2025|works|72130000|||no|1.0|Local Revenue|obn|2025-02-07|2025-03-12|2025-03-27|1000000.0||mpongwe_procurement_plan_2025.pdf|http://www.mpongwecouncil.gov.zm/wp-content/uploads/2025/12/ANNUAL-PROCUREMENT-PLAN-2025.pdf
APP2025-023|2025|goods|43211500|||no|1.0|Local Revenue|sb|2025-02-12|2025-02-18|2025-03-19|200000.0||mpongwe_procurement_plan_2025.pdf|http://www.mpongwecouncil.gov.zm/wp-content/uploads/2025/12/ANNUAL-PROCUREMENT-PLAN-2025.pdf
APP2025-024|2025|goods|10000000|||no|1.0|Local Revenue|sb|2025-02-14|2025-02-19|2025-02-21|80000.0||mpongwe_procurement_plan_2025.pdf|http://www.mpongwecouncil.gov.zm/wp-content/uploads/2025/12/ANNUAL-PROCUREMENT-PLAN-2025.pdf
APP2025-025|2025|goods|14000000|||no|1.0|Local Revenue|sb|2025-02-17|2025-03-03|2025-03-04|120000.0||mpongwe_procurement_plan_2025.pdf|http://www.mpongwecouncil.gov.zm/wp-content/uploads/2025/12/ANNUAL-PROCUREMENT-PLAN-2025.pdf
APP2025-026|2025|goods|55120000|||no|1.0|Local Revenue|sb|2025-02-20|2025-02-24|2025-03-03|80000.0||mpongwe_procurement_plan_2025.pdf|http://www.mpongwecouncil.gov.zm/wp-content/uploads/2025/12/ANNUAL-PROCUREMENT-PLAN-2025.pdf
APP2025-027|2025|goods|25190000|||no|1.0|Local Revenue|sb|2025-03-13|2025-03-14|2025-03-18|100000.0||mpongwe_procurement_plan_2025.pdf|http://www.mpongwecouncil.gov.zm/wp-content/uploads/2025/12/ANNUAL-PROCUREMENT-PLAN-2025.pdf
APP2025-028|2025|goods|15000000|||no|1.0|Local Revenue|sb|2025-03-17|2025-03-20|2025-03-26|150000.0||mpongwe_procurement_plan_2025.pdf|http://www.mpongwecouncil.gov.zm/wp-content/uploads/2025/12/ANNUAL-PROCUREMENT-PLAN-2025.pdf
APP2025-029|2025|goods|88121703|||no|1.0|Local Revenue|sb|2025-03-24|2025-04-04|2025-04-07|200000.0||mpongwe_procurement_plan_2025.pdf|http://www.mpongwecouncil.gov.zm/wp-content/uploads/2025/12/ANNUAL-PROCUREMENT-PLAN-2025.pdf
APP2025-030|2025|goods|41000000|||no|1.0|Local Revenue|sb|2025-04-08|2025-04-11|2025-04-14|300000.0||mpongwe_procurement_plan_2025.pdf|http://www.mpongwecouncil.gov.zm/wp-content/uploads/2025/12/ANNUAL-PROCUREMENT-PLAN-2025.pdf
APP2025-031|2025|goods|83121701|||no|1.0|Local Revenue|sb|2025-04-18|2025-04-28|2025-04-25|13000.0||mpongwe_procurement_plan_2025.pdf|http://www.mpongwecouncil.gov.zm/wp-content/uploads/2025/12/ANNUAL-PROCUREMENT-PLAN-2025.pdf
APP2025-032|2025|goods|22000000|||no|1.0|Local Revenue|sb|2025-04-18|2025-04-25|2025-04-29|60000.0||mpongwe_procurement_plan_2025.pdf|http://www.mpongwecouncil.gov.zm/wp-content/uploads/2025/12/ANNUAL-PROCUREMENT-PLAN-2025.pdf
APP2025-033|2025|goods|10191509|||no|1.0|Local Revenue|sb|2025-04-21|2025-04-28|2025-05-06|80000.0||mpongwe_procurement_plan_2025.pdf|http://www.mpongwecouncil.gov.zm/wp-content/uploads/2025/12/ANNUAL-PROCUREMENT-PLAN-2025.pdf
APP2025-034|2025|works|72130000|||no|1.0|Local Revenue|obn|2025-04-23|2025-05-28|2025-06-06|1000000.0||mpongwe_procurement_plan_2025.pdf|http://www.mpongwecouncil.gov.zm/wp-content/uploads/2025/12/ANNUAL-PROCUREMENT-PLAN-2025.pdf
APP2025-035|2025|works|10000000|||no|1.0|Local Revenue|sb|2025-04-25|2025-04-28|2025-04-28|80000.0||mpongwe_procurement_plan_2025.pdf|http://www.mpongwecouncil.gov.zm/wp-content/uploads/2025/12/ANNUAL-PROCUREMENT-PLAN-2025.pdf
APP2025-036|2025|goods|10101500|||no|1.0|Local Revenue|sb|2025-05-02|2025-05-09|2025-05-12|150000.0||mpongwe_procurement_plan_2025.pdf|http://www.mpongwecouncil.gov.zm/wp-content/uploads/2025/12/ANNUAL-PROCUREMENT-PLAN-2025.pdf
APP2025-037|2025|goods|42251706|||no|1.0|Local Revenue|sb|2025-05-15|2025-05-19|2025-05-20|200000.0||mpongwe_procurement_plan_2025.pdf|http://www.mpongwecouncil.gov.zm/wp-content/uploads/2025/12/ANNUAL-PROCUREMENT-PLAN-2025.pdf
APP2025-038|2025|goods|27000000|||no|1.0|Local Revenue|obn|2025-05-28|2025-06-30|2025-06-18|4500000.0||mpongwe_procurement_plan_2025.pdf|http://www.mpongwecouncil.gov.zm/wp-content/uploads/2025/12/ANNUAL-PROCUREMENT-PLAN-2025.pdf
APP2025-039|2025|goods|72130000|||no|1.0|Local Revenue|obn|2025-06-06|2025-07-15|2025-07-30|1550000.0||mpongwe_procurement_plan_2025.pdf|http://www.mpongwecouncil.gov.zm/wp-content/uploads/2025/12/ANNUAL-PROCUREMENT-PLAN-2025.pdf
APP2025-040|2025|goods|44120000|||no|1.0|Local Revenue|sb|2025-06-13|2025-06-20|2025-06-23|100000.0||mpongwe_procurement_plan_2025.pdf|http://www.mpongwecouncil.gov.zm/wp-content/uploads/2025/12/ANNUAL-PROCUREMENT-PLAN-2025.pdf
APP2025-041|2025|goods|44120000|||no|1.0|Local Revenue|sb|2025-06-20|2025-06-23|2025-06-26|80000.0||mpongwe_procurement_plan_2025.pdf|http://www.mpongwecouncil.gov.zm/wp-content/uploads/2025/12/ANNUAL-PROCUREMENT-PLAN-2025.pdf
APP2025-042|2025|goods|50202306|||no|1.0|Local Revenue|sb|2025-06-09|2025-07-14|2025-07-15|100000.0||mpongwe_procurement_plan_2025.pdf|http://www.mpongwecouncil.gov.zm/wp-content/uploads/2025/12/ANNUAL-PROCUREMENT-PLAN-2025.pdf
APP2025-043|2025|goods|15000000|||no|1.0|Local Revenue|sb|2025-07-04|2025-07-04|2025-07-08|150000.0||mpongwe_procurement_plan_2025.pdf|http://www.mpongwecouncil.gov.zm/wp-content/uploads/2025/12/ANNUAL-PROCUREMENT-PLAN-2025.pdf
APP2025-044|2025|goods|44000000|||no|1.0|Local Revenue|sb|2025-07-15|2025-07-16|2025-07-17|500000.0||mpongwe_procurement_plan_2025.pdf|http://www.mpongwecouncil.gov.zm/wp-content/uploads/2025/12/ANNUAL-PROCUREMENT-PLAN-2025.pdf
APP2025-045|2025|goods|27000000|||no|1.0|Local Revenue|sb|2025-07-18|2025-07-28|2025-07-29|600000.0||mpongwe_procurement_plan_2025.pdf|http://www.mpongwecouncil.gov.zm/wp-content/uploads/2025/12/ANNUAL-PROCUREMENT-PLAN-2025.pdf
APP2025-046|2025|goods|43211500|||no|1.0|Local Revenue|sb|2025-07-25|2025-08-04|2025-08-05|60000.0||mpongwe_procurement_plan_2025.pdf|http://www.mpongwecouncil.gov.zm/wp-content/uploads/2025/12/ANNUAL-PROCUREMENT-PLAN-2025.pdf
APP2025-047|2025|goods|71120000|||no|1.0|Local Revenue|obn|2025-08-08|2025-09-15|2025-09-29|1000000.0||mpongwe_procurement_plan_2025.pdf|http://www.mpongwecouncil.gov.zm/wp-content/uploads/2025/12/ANNUAL-PROCUREMENT-PLAN-2025.pdf
APP2025-048|2025|goods|73161511|||no|1.0|Local Revenue|sb|2025-08-15|2025-08-19|2025-08-20|120000.0||mpongwe_procurement_plan_2025.pdf|http://www.mpongwecouncil.gov.zm/wp-content/uploads/2025/12/ANNUAL-PROCUREMENT-PLAN-2025.pdf
APP2025-049|2025|works|72130000|||no|1.0|Local Revenue|sb|2025-08-19|2025-08-25|2025-08-25|300000.0||mpongwe_procurement_plan_2025.pdf|http://www.mpongwecouncil.gov.zm/wp-content/uploads/2025/12/ANNUAL-PROCUREMENT-PLAN-2025.pdf
APP2025-050|2025|goods|10000000|||no|1.0|Local Revenue|sb|2025-08-28|2025-09-05|2025-09-09|200000.0||mpongwe_procurement_plan_2025.pdf|http://www.mpongwecouncil.gov.zm/wp-content/uploads/2025/12/ANNUAL-PROCUREMENT-PLAN-2025.pdf
APP2025-051|2025|goods|43211500|||no|1.0|Local Revenue|sb|2025-09-05|2025-09-08|2025-09-08|160000.0||mpongwe_procurement_plan_2025.pdf|http://www.mpongwecouncil.gov.zm/wp-content/uploads/2025/12/ANNUAL-PROCUREMENT-PLAN-2025.pdf
APP2025-052|2025|works|20122838|||no|1.0|Local Revenue|sb|2025-09-16|2025-09-25|2025-09-25|450000.0||mpongwe_procurement_plan_2025.pdf|http://www.mpongwecouncil.gov.zm/wp-content/uploads/2025/12/ANNUAL-PROCUREMENT-PLAN-2025.pdf
APP2025-053|2025|goods|50202306|||no|1.0|Local Revenue|sb|2025-09-29|2025-09-29|2025-09-30|80000.0||mpongwe_procurement_plan_2025.pdf|http://www.mpongwecouncil.gov.zm/wp-content/uploads/2025/12/ANNUAL-PROCUREMENT-PLAN-2025.pdf
APP2025-054|2025|goods|44120000|||no|1.0|Local Revenue|sb|2025-09-30|2025-10-01|2025-10-03|100000.0||mpongwe_procurement_plan_2025.pdf|http://www.mpongwecouncil.gov.zm/wp-content/uploads/2025/12/ANNUAL-PROCUREMENT-PLAN-2025.pdf
APP2025-055|2025|works|72130000|||no|1.0|Local Revenue|sb|2025-10-06|2025-10-16|2025-10-20|900000.0||mpongwe_procurement_plan_2025.pdf|http://www.mpongwecouncil.gov.zm/wp-content/uploads/2025/12/ANNUAL-PROCUREMENT-PLAN-2025.pdf
APP2025-056|2025|goods|14000000|||no|1.0|Local Revenue|sb|2025-10-15|2025-10-20|2025-10-21|100000.0||mpongwe_procurement_plan_2025.pdf|http://www.mpongwecouncil.gov.zm/wp-content/uploads/2025/12/ANNUAL-PROCUREMENT-PLAN-2025.pdf
APP2025-057|2025|goods|15000000|||no|1.0|Local Revenue|sb|2025-10-28|2025-10-30|2025-11-03|150000.0||mpongwe_procurement_plan_2025.pdf|http://www.mpongwecouncil.gov.zm/wp-content/uploads/2025/12/ANNUAL-PROCUREMENT-PLAN-2025.pdf
APP2025-058|2025|goods|77100000|||no|1.0|Local Revenue|obn|2025-11-12|2025-12-18|2025-12-26|1500000.0||mpongwe_procurement_plan_2025.pdf|http://www.mpongwecouncil.gov.zm/wp-content/uploads/2025/12/ANNUAL-PROCUREMENT-PLAN-2025.pdf
APP2025-059|2025|goods|71120000|||no|1.0|Local Revenue|sb|2025-11-18|2025-11-20|2025-11-24|900000.0||mpongwe_procurement_plan_2025.pdf|http://www.mpongwecouncil.gov.zm/wp-content/uploads/2025/12/ANNUAL-PROCUREMENT-PLAN-2025.pdf
APP2025-060|2025|goods|10000000|||no|1.0|Local Revenue|sb|2025-11-27|2025-11-28|2025-12-01|80000.0||mpongwe_procurement_plan_2025.pdf|http://www.mpongwecouncil.gov.zm/wp-content/uploads/2025/12/ANNUAL-PROCUREMENT-PLAN-2025.pdf
APP2025-061|2025|goods|46180000|||no|1.0|Local Revenue|sb|2025-12-10|2025-12-19|2025-12-12|150000.0||mpongwe_procurement_plan_2025.pdf|http://www.mpongwecouncil.gov.zm/wp-content/uploads/2025/12/ANNUAL-PROCUREMENT-PLAN-2025.pdf
APP2025-062|2025|goods|60104904|||no|1.0|Local Revenue|sb|2025-12-29|2025-12-30|2025-12-31|100000.0||mpongwe_procurement_plan_2025.pdf|http://www.mpongwecouncil.gov.zm/wp-content/uploads/2025/12/ANNUAL-PROCUREMENT-PLAN-2025.pdf
APP2025-063|2025|works|72130000|||tnioon|1.0|GRZ/CDF|sb|2025-07-04|2025-04-10|2025-04-11|860000.0||mpongwe_procurement_plan_2025.pdf|http://www.mpongwecouncil.gov.zm/wp-content/uploads/2025/12/ANNUAL-PROCUREMENT-PLAN-2025.pdf
APP2025-064|2025|works|72130000|||no|1.0|GRZ/CDF|sb|2025-04-07|2025-04-25|2025-04-30|550000.0||mpongwe_procurement_plan_2025.pdf|http://www.mpongwecouncil.gov.zm/wp-content/uploads/2025/12/ANNUAL-PROCUREMENT-PLAN-2025.pdf
APP2025-065|2025|works|72130000|||no|1.0|GRZ/CDF|sb|2025-04-07|2025-04-25|2025-04-30|400000.0||mpongwe_procurement_plan_2025.pdf|http://www.mpongwecouncil.gov.zm/wp-content/uploads/2025/12/ANNUAL-PROCUREMENT-PLAN-2025.pdf
APP2025-066|2025|works|72130000|||nscoh|1.0|GRZ/CDF|obn|2025-04-07|2025-06-20|2025-06-25|1100000.0||mpongwe_procurement_plan_2025.pdf|http://www.mpongwecouncil.gov.zm/wp-content/uploads/2025/12/ANNUAL-PROCUREMENT-PLAN-2025.pdf
APP2025-067|2025|works|72130000|||no|1.0|GRZ/CDF|obn|2025-04-07|2025-06-20|2025-06-25|2350000.0||mpongwe_procurement_plan_2025.pdf|http://www.mpongwecouncil.gov.zm/wp-content/uploads/2025/12/ANNUAL-PROCUREMENT-PLAN-2025.pdf
APP2025-068|2025|works|72130000|||no|1.0|GRZ/CDF|obn|2025-04-07|2025-06-20|2025-06-25|1400000.0||mpongwe_procurement_plan_2025.pdf|http://www.mpongwecouncil.gov.zm/wp-content/uploads/2025/12/ANNUAL-PROCUREMENT-PLAN-2025.pdf
APP2025-069|2025|works|72130000|||no|1.0|GRZ/CDF|sb|2025-04-07|2025-04-25|2025-04-30|680000.0||mpongwe_procurement_plan_2025.pdf|http://www.mpongwecouncil.gov.zm/wp-content/uploads/2025/12/ANNUAL-PROCUREMENT-PLAN-2025.pdf
APP2025-070|2025|works|72130000|||hnoowa health|1.0|GRZ/CDF|obn|2025-04-07|2025-06-20|2025-06-25|1210000.0||mpongwe_procurement_plan_2025.pdf|http://www.mpongwecouncil.gov.zm/wp-content/uploads/2025/12/ANNUAL-PROCUREMENT-PLAN-2025.pdf
APP2025-071|2025|works|72130000|||no|1.0|GRZ/CDF|obn|2025-04-07|2025-06-20|2025-06-25|2100000.0||mpongwe_procurement_plan_2025.pdf|http://www.mpongwecouncil.gov.zm/wp-content/uploads/2025/12/ANNUAL-PROCUREMENT-PLAN-2025.pdf
APP2025-072|2025|works|72130000|||no|1.0|GRZ/CDF|obn|2025-04-07|2025-06-20|2025-06-25|1100000.0||mpongwe_procurement_plan_2025.pdf|http://www.mpongwecouncil.gov.zm/wp-content/uploads/2025/12/ANNUAL-PROCUREMENT-PLAN-2025.pdf
APP2025-073|2025|goods|44120000|||no|1.0|GRZ/CDF|obn|2025-04-07|2025-06-20|2025-06-25|2000000.0||mpongwe_procurement_plan_2025.pdf|http://www.mpongwecouncil.gov.zm/wp-content/uploads/2025/12/ANNUAL-PROCUREMENT-PLAN-2025.pdf
